4,450,440
4,450,447
4,450,447
4,450,451
4,450,442
4,450,442
4,450,427
4,450,461
4,450,441
4,450,449
4,450,441
4,450,457
4,450,454
4,450,458
4,450,455
4.5,450,458
4.5,450,439
4.5,450,465
4.5,450,450
4.5,450,449
4.5,450,458
4.5,450,442
4.5,450,438
4.5,450,440
4.5,450,432
4.5,450,454
4.5,450,453
4.5,450,447
4.5,450,458
4.5,450,451
5,450,460
5,450,443
5,450,426
5,450,450
5,450,438
5,450,428
5,450,453
5,450,460
5,450,439
5,450,451
5,450,443
5,450,443
5,450,453
5,450,446
5,450,449
5.5,450,454
5.5,450,453
5.5,450,438
5.5,450,430
5.5,450,427
5.5,450,501
5.5,450,418
5.5,450,439
5.5,450,418
5.5,450,437
5.5,450,444
5.5,450,462
5.5,450,461
5.5,450,440
5.5,450,469
6,450,440
6,450,442
6,450,438
6,450,454
6,450,441
6,450,444
6,450,444
6,450,428
6,450,524
6,450,463
6,450,409
6,450,408
6,450,419
6,450,430
6,450,426